date,open,high,low,close,volume,expiration
2023-11-30,77.7,79.6,75.05,75.66,441393,2023-12-19 19:30:00+00:00
2023-12-01,75.67,76.76,73.93,74.38,261714,2023-12-19 19:30:00+00:00
2023-12-03,74.58,75.03,74.36,74.82,5654,2023-12-19 19:30:00+00:00
2023-12-04,74.82,74.84,72.63,73.28,289344,2023-12-19 19:30:00+00:00
2023-12-05,73.27,74.12,72.02,72.13,257592,2023-12-19 19:30:00+00:00
2023-12-06,72.12,72.6,69.11,69.5,324040,2023-12-19 19:30:00+00:00
2023-12-07,69.5,70.48,68.8,69.79,212186,2023-12-19 19:30:00+00:00
2023-12-08,69.79,71.63,69.5,71.26,203416,2023-12-19 19:30:00+00:00
2023-12-10,71.15,71.25,70.92,71.24,1641,2023-12-19 19:30:00+00:00
2023-12-11,71.24,71.81,70.35,71.41,176497,2023-12-19 19:30:00+00:00
2023-12-12,71.4,71.96,68.22,68.72,205395,2023-12-19 19:30:00+00:00
2023-12-13,68.97,70.22,67.98,70.18,75543,2024-01-22 19:30:00+00:00
2023-12-14,70.18,72.73,69.82,71.89,100164,2024-01-22 19:30:00+00:00
2023-12-15,71.9,72.56,70.64,72.1,178033,2024-01-22 19:30:00+00:00
2023-12-17,72.05,72.53,72.05,72.52,2367,2024-01-22 19:30:00+00:00
2023-12-18,72.51,74.61,70.99,72.79,260049,2024-01-22 19:30:00+00:00
2023-12-19,72.78,74.45,72.14,74.12,172863,2024-01-22 19:30:00+00:00
2023-12-20,74.13,75.37,73.51,73.63,200796,2024-01-22 19:30:00+00:00
2023-12-21,73.62,74.58,72.44,73.84,192350,2024-01-22 19:30:00+00:00
2023-12-22,73.83,74.98,73.39,73.49,161433,2024-01-22 19:30:00+00:00
2023-12-25,73.56,73.94,73.45,73.79,2030,2024-01-22 19:30:00+00:00
2023-12-26,73.78,76.18,73.13,75.26,167658,2024-01-22 19:30:00+00:00
2023-12-27,75.25,75.66,73.77,74.03,195150,2024-01-22 19:30:00+00:00
2023-12-28,74.04,74.4,71.72,72.04,201064,2024-01-22 19:30:00+00:00
2023-12-29,72.04,72.62,71.25,71.33,163577,2024-01-22 19:30:00+00:00
2024-01-01,71.71,72.28,71.63,71.96,3240,2024-01-22 19:30:00+00:00
2024-01-02,71.95,73.64,70.06,70.5,263594,2024-01-22 19:30:00+00:00
2024-01-03,70.49,73.23,69.28,73.05,253755,2024-01-22 19:30:00+00:00
2024-01-04,73.05,74.0,71.06,72.3,251724,2024-01-22 19:30:00+00:00
2024-01-05,72.3,74.24,72.21,73.95,213357,2024-01-22 19:30:00+00:00
2024-01-07,73.51,73.95,73.3,73.78,2995,2024-01-22 19:30:00+00:00
2024-01-08,73.77,73.85,70.13,70.74,268770,2024-01-22 19:30:00+00:00
2024-01-09,70.75,72.93,70.47,72.17,232435,2024-01-22 19:30:00+00:00
2024-01-10,72.23,73.55,71.09,71.32,60167,2024-02-20 19:30:00+00:00
2024-01-11,71.33,73.81,71.24,73.44,72414,2024-02-20 19:30:00+00:00
2024-01-12,73.46,75.28,72.48,72.88,89189,2024-02-20 19:30:00+00:00
2024-01-14,72.73,72.75,72.16,72.68,1793,2024-02-20 19:30:00+00:00
2024-01-15,72.69,73.09,71.39,72.78,38539,2024-02-20 19:30:00+00:00
2024-01-16,72.78,73.68,71.87,72.02,94796,2024-02-20 19:30:00+00:00
2024-01-17,72.03,72.86,70.62,72.82,134297,2024-02-20 19:30:00+00:00
2024-01-18,72.82,74.19,72.1,73.85,247634,2024-02-20 19:30:00+00:00
2024-01-19,73.84,74.63,72.99,73.43,223517,2024-02-20 19:30:00+00:00
2024-01-21,73.6,73.68,73.09,73.18,3328,2024-02-20 19:30:00+00:00
2024-01-22,73.18,75.46,72.56,74.64,249725,2024-02-20 19:30:00+00:00
2024-01-23,74.63,75.25,73.41,74.45,227777,2024-02-20 19:30:00+00:00
2024-01-24,74.46,75.83,73.94,75.42,239607,2024-02-20 19:30:00+00:00
2024-01-25,75.43,77.51,75.16,77.11,237928,2024-02-20 19:30:00+00:00
2024-01-26,77.11,78.26,76.06,78.23,262879,2024-02-20 19:30:00+00:00
2024-01-28,78.9,79.29,78.72,78.88,10149,2024-02-20 19:30:00+00:00
2024-01-29,78.88,78.92,76.41,77.02,243902,2024-02-20 19:30:00+00:00
2024-01-30,77.02,78.14,75.85,77.8,252492,2024-02-20 19:30:00+00:00
2024-01-31,77.81,78.11,75.52,75.88,269800,2024-02-20 19:30:00+00:00
2024-02-01,75.89,76.95,73.7,74.26,405342,2024-02-20 19:30:00+00:00
2024-02-02,74.26,74.52,71.79,72.41,307430,2024-02-20 19:30:00+00:00
2024-02-04,72.75,72.98,72.67,72.78,4641,2024-02-20 19:30:00+00:00
2024-02-05,72.77,73.28,71.41,72.66,239948,2024-02-20 19:30:00+00:00
2024-02-06,72.67,73.82,72.38,73.42,229037,2024-02-20 19:30:00+00:00
2024-02-07,73.42,74.22,73.23,73.97,196802,2024-02-20 19:30:00+00:00
2024-02-08,73.98,76.59,73.56,76.44,224213,2024-02-20 19:30:00+00:00
2024-02-09,76.44,77.29,75.93,76.6,175808,2024-02-20 19:30:00+00:00
2024-02-11,76.54,76.54,76.13,76.4,701,2024-03-20 18:30:00+00:00
2024-02-12,76.4,77.0,75.49,76.88,56076,2024-03-20 18:30:00+00:00
2024-02-13,76.87,78.1,76.77,77.41,69434,2024-03-20 18:30:00+00:00
2024-02-14,77.4,78.43,76.12,76.24,103667,2024-03-20 18:30:00+00:00
2024-02-15,76.25,78.07,75.52,77.64,188654,2024-03-20 18:30:00+00:00
2024-02-16,77.65,78.52,76.69,78.24,253448,2024-03-20 18:30:00+00:00
2024-02-18,78.34,78.34,78.01,78.16,2070,2024-03-20 18:30:00+00:00
2024-02-19,78.15,78.56,77.63,78.1,78774,2024-03-20 18:30:00+00:00
2024-02-20,78.1,78.55,76.8,77.24,222480,2024-03-20 18:30:00+00:00
2024-02-21,77.24,78.13,76.32,78.09,210949,2024-03-20 18:30:00+00:00
2024-02-22,78.09,78.92,77.23,78.25,218521,2024-03-20 18:30:00+00:00
2024-02-23,78.26,78.39,76.35,76.57,232285,2024-03-20 18:30:00+00:00
2024-02-25,76.4,76.68,76.38,76.44,2602,2024-03-20 18:30:00+00:00
2024-02-26,76.43,78.03,75.84,77.64,181643,2024-03-20 18:30:00+00:00
2024-02-27,77.64,79.0,77.17,78.41,184842,2024-03-20 18:30:00+00:00
2024-02-28,78.42,79.62,77.78,78.14,227785,2024-03-20 18:30:00+00:00
2024-02-29,78.14,79.28,77.94,78.25,204466,2024-03-20 18:30:00+00:00
2024-03-01,78.26,80.85,78.05,79.81,243626,2024-03-20 18:30:00+00:00
2024-03-03,80.14,80.37,79.83,79.93,5074,2024-03-20 18:30:00+00:00
2024-03-04,79.93,80.41,78.56,78.69,222779,2024-03-20 18:30:00+00:00
2024-03-05,78.69,79.49,77.52,78.24,278905,2024-03-20 18:30:00+00:00
2024-03-06,78.23,80.67,77.99,79.07,229735,2024-03-20 18:30:00+00:00
2024-03-07,79.07,79.55,78.02,79.21,257052,2024-03-20 18:30:00+00:00
2024-03-08,79.21,79.99,77.56,77.85,216828,2024-03-20 18:30:00+00:00
2024-03-10,77.8,77.99,77.68,77.81,2141,2024-03-20 18:30:00+00:00
2024-03-11,77.28,78.03,76.43,77.74,45511,2024-04-22 18:30:00+00:00
2024-03-12,77.73,78.31,77.01,77.68,50084,2024-04-22 18:30:00+00:00
2024-03-13,77.69,79.46,77.31,79.29,69989,2024-04-22 18:30:00+00:00
2024-03-14,79.29,81.03,79.22,80.51,85953,2024-04-22 18:30:00+00:00
2024-03-15,80.51,80.89,80.01,80.55,99721,2024-04-22 18:30:00+00:00
2024-03-17,80.58,80.76,80.57,80.61,2078,2024-04-22 18:30:00+00:00
2024-03-18,80.6,82.5,80.56,82.2,205070,2024-04-22 18:30:00+00:00
2024-03-19,82.2,83.12,81.81,82.46,212011,2024-04-22 18:30:00+00:00
2024-03-20,82.46,82.65,80.83,81.64,242794,2024-04-22 18:30:00+00:00
2024-03-21,81.64,81.92,80.3,80.96,180120,2024-04-22 18:30:00+00:00
2024-03-22,80.95,81.45,80.42,80.82,156148,2024-04-22 18:30:00+00:00
2024-03-24,80.85,80.93,80.59,80.89,2904,2024-04-22 18:30:00+00:00
2024-03-25,80.88,82.48,80.72,82.03,186421,2024-04-22 18:30:00+00:00
2024-03-26,82.03,82.36,81.17,81.27,152094,2024-04-22 18:30:00+00:00
2024-03-27,81.28,81.76,80.55,81.73,181423,2024-04-22 18:30:00+00:00
2024-03-28,81.73,83.21,81.52,83.11,188877,2024-04-22 18:30:00+00:00
2024-03-31,83.14,83.36,83.06,83.18,4031,2024-04-22 18:30:00+00:00
2024-04-01,83.18,84.49,82.6,83.86,190830,2024-04-22 18:30:00+00:00
2024-04-02,83.88,85.64,83.86,85.49,226655,2024-04-22 18:30:00+00:00
2024-04-03,85.49,86.2,84.85,85.58,202761,2024-04-22 18:30:00+00:00
2024-04-04,85.57,87.22,84.64,87.0,229204,2024-04-22 18:30:00+00:00
2024-04-05,87.0,87.63,86.32,86.73,212791,2024-04-22 18:30:00+00:00
2024-04-07,86.1,86.26,85.8,85.9,8119,2024-04-22 18:30:00+00:00
2024-04-08,85.89,87.1,84.69,86.65,254069,2024-04-22 18:30:00+00:00
2024-04-09,86.65,86.98,85.09,85.31,201790,2024-04-22 18:30:00+00:00
2024-04-10,84.55,85.63,83.86,85.51,71212,2024-05-21 18:30:00+00:00
2024-04-11,85.5,85.89,84.25,84.88,71560,2024-05-21 18:30:00+00:00
2024-04-12,84.89,86.97,84.67,84.86,90081,2024-05-21 18:30:00+00:00
2024-04-14,84.99,85.5,84.67,85.04,4595,2024-05-21 18:30:00+00:00
2024-04-15,85.03,85.46,83.49,85.23,91401,2024-05-21 18:30:00+00:00
2024-04-16,85.24,85.6,84.22,84.92,92317,2024-05-21 18:30:00+00:00
2024-04-17,84.91,84.97,82.01,82.29,193505,2024-05-21 18:30:00+00:00
2024-04-18,82.29,82.84,81.06,82.03,222806,2024-05-21 18:30:00+00:00
2024-04-19,82.03,85.64,81.13,82.11,345081,2024-05-21 18:30:00+00:00
2024-04-21,81.84,82.11,81.78,81.92,3851,2024-05-21 18:30:00+00:00
2024-04-22,81.92,82.29,80.7,82.08,203375,2024-05-21 18:30:00+00:00
2024-04-23,82.09,83.55,80.88,83.45,230654,2024-05-21 18:30:00+00:00
2024-04-24,83.45,83.71,82.44,82.66,205928,2024-05-21 18:30:00+00:00
2024-04-25,82.67,83.84,81.99,83.75,196245,2024-05-21 18:30:00+00:00
2024-04-26,83.76,84.46,83.35,83.66,154432,2024-05-21 18:30:00+00:00
2024-04-28,83.69,83.69,83.2,83.21,4192,2024-05-21 18:30:00+00:00
2024-04-29,83.23,83.91,82.4,82.6,198175,2024-05-21 18:30:00+00:00
2024-04-30,82.6,83.3,80.95,81.34,251653,2024-05-21 18:30:00+00:00
2024-05-01,81.34,81.57,78.83,79.1,281733,2024-05-21 18:30:00+00:00
2024-05-02,79.12,79.9,78.41,79.21,240579,2024-05-21 18:30:00+00:00
2024-05-03,79.22,79.63,77.96,77.99,184036,2024-05-21 18:30:00+00:00
2024-05-05,78.16,78.59,78.02,78.37,4832,2024-05-21 18:30:00+00:00
2024-05-06,78.36,79.09,77.91,78.86,185554,2024-05-21 18:30:00+00:00
2024-05-07,78.86,79.17,77.55,78.31,194712,2024-05-21 18:30:00+00:00
2024-05-08,78.3,79.27,76.89,79.25,215496,2024-05-21 18:30:00+00:00
2024-05-09,79.25,79.8,78.91,79.65,160396,2024-05-21 18:30:00+00:00
2024-05-10,79.16,79.47,77.73,77.79,45537,2024-06-20 18:30:00+00:00
2024-05-12,77.76,77.78,77.56,77.66,775,2024-06-20 18:30:00+00:00
2024-05-13,77.65,78.99,77.35,78.63,57068,2024-06-20 18:30:00+00:00
2024-05-14,78.63,78.86,77.26,78.0,81840,2024-06-20 18:30:00+00:00
2024-05-15,77.99,78.49,76.36,78.48,109827,2024-06-20 18:30:00+00:00
2024-05-16,78.49,79.3,77.75,78.92,113370,2024-06-20 18:30:00+00:00
2024-05-17,78.93,79.66,78.58,79.52,168842,2024-06-20 18:30:00+00:00
2024-05-19,79.58,79.72,79.33,79.36,4532,2024-06-20 18:30:00+00:00
2024-05-20,79.35,80.11,78.67,79.27,192529,2024-06-20 18:30:00+00:00
2024-05-21,79.28,79.3,77.65,78.28,234617,2024-06-20 18:30:00+00:00
2024-05-22,78.29,78.41,77.09,77.15,210341,2024-06-20 18:30:00+00:00
2024-05-23,77.16,78.66,76.43,76.85,240296,2024-06-20 18:30:00+00:00
2024-05-24,76.84,78.05,76.15,77.8,189511,2024-06-20 18:30:00+00:00
2024-05-26,77.81,77.85,77.69,77.83,1811,2024-06-20 18:30:00+00:00
2024-05-27,77.84,78.8,77.73,78.64,51868,2024-06-20 18:30:00+00:00
2024-05-28,78.63,80.32,78.61,80.23,192325,2024-06-20 18:30:00+00:00
2024-05-29,80.24,80.62,78.99,79.24,174969,2024-06-20 18:30:00+00:00
2024-05-30,79.24,79.42,77.63,77.77,242648,2024-06-20 18:30:00+00:00
2024-05-31,77.77,78.62,76.67,77.18,224367,2024-06-20 18:30:00+00:00
2024-06-02,76.97,77.12,76.39,76.77,7794,2024-06-20 18:30:00+00:00
2024-06-03,76.78,77.52,73.78,74.06,287410,2024-06-20 18:30:00+00:00
2024-06-04,74.07,74.11,72.48,72.97,261131,2024-06-20 18:30:00+00:00
2024-06-05,72.96,74.45,72.84,74.44,194163,2024-06-20 18:30:00+00:00
2024-06-06,74.43,75.79,74.06,75.7,196470,2024-06-20 18:30:00+00:00
2024-06-07,75.7,76.25,75.21,75.38,169219,2024-06-20 18:30:00+00:00
2024-06-09,75.35,75.51,75.23,75.36,1871,2024-06-20 18:30:00+00:00
2024-06-10,75.06,77.85,75.02,77.64,60862,2024-07-22 18:30:00+00:00
2024-06-11,77.65,77.99,76.86,77.75,53394,2024-07-22 18:30:00+00:00
2024-06-12,77.75,78.94,77.56,77.92,62073,2024-07-22 18:30:00+00:00
2024-06-13,77.93,78.54,77.35,77.53,73396,2024-07-22 18:30:00+00:00
2024-06-14,77.53,78.8,77.42,78.07,85072,2024-07-22 18:30:00+00:00
2024-06-16,78.12,78.12,77.87,77.87,3092,2024-07-22 18:30:00+00:00
2024-06-17,77.88,80.01,77.58,79.79,197270,2024-07-22 18:30:00+00:00
2024-06-18,79.79,80.85,79.17,80.77,215605,2024-07-22 18:30:00+00:00
2024-06-19,80.77,81.16,80.3,80.6,99900,2024-07-22 18:30:00+00:00
2024-06-20,80.6,81.52,80.4,81.26,173865,2024-07-22 18:30:00+00:00
2024-06-21,81.27,81.79,80.35,80.59,163983,2024-07-22 18:30:00+00:00
2024-06-23,80.45,80.71,80.23,80.25,2753,2024-07-22 18:30:00+00:00
2024-06-24,80.25,81.87,80.23,81.69,156663,2024-07-22 18:30:00+00:00
2024-06-25,81.69,81.9,80.55,80.74,159075,2024-07-22 18:30:00+00:00
2024-06-26,80.74,81.63,80.18,80.65,205349,2024-07-22 18:30:00+00:00
2024-06-27,80.64,82.04,80.51,81.88,189627,2024-07-22 18:30:00+00:00
2024-06-28,81.88,82.72,80.97,81.46,179476,2024-07-22 18:30:00+00:00
2024-06-30,81.45,81.84,81.38,81.73,2786,2024-07-22 18:30:00+00:00
2024-07-01,81.72,83.64,81.62,83.41,209003,2024-07-22 18:30:00+00:00
2024-07-02,83.41,84.38,82.72,83.01,221052,2024-07-22 18:30:00+00:00
2024-07-03,83.02,83.93,82.46,83.62,180467,2024-07-22 18:30:00+00:00
2024-07-04,83.63,84.2,83.02,83.93,63730,2024-07-22 18:30:00+00:00
2024-07-05,83.93,84.52,83.07,83.44,170031,2024-07-22 18:30:00+00:00
2024-07-07,83.15,83.32,82.82,83.2,4925,2024-07-22 18:30:00+00:00
2024-07-08,83.2,83.21,82.08,82.23,152984,2024-07-22 18:30:00+00:00
2024-07-09,82.24,82.48,81.25,81.69,194439,2024-07-22 18:30:00+00:00
2024-07-10,80.82,81.6,79.95,81.4,51096,2024-08-20 18:30:00+00:00
2024-07-11,81.41,81.83,80.6,81.66,49366,2024-08-20 18:30:00+00:00
2024-07-12,81.68,82.29,80.91,80.97,60951,2024-08-20 18:30:00+00:00
2024-07-14,80.96,81.35,80.83,81.03,897,2024-08-20 18:30:00+00:00
2024-07-15,81.04,81.22,80.36,80.77,57750,2024-08-20 18:30:00+00:00
2024-07-16,80.77,80.84,79.22,79.68,90697,2024-08-20 18:30:00+00:00
2024-07-17,79.69,81.71,79.43,81.7,151853,2024-08-20 18:30:00+00:00
2024-07-18,81.7,82.27,80.61,80.8,221881,2024-08-20 18:30:00+00:00
2024-07-19,80.8,81.34,78.59,78.6,262035,2024-08-20 18:30:00+00:00
2024-07-21,78.95,79.08,78.76,79.03,4938,2024-08-20 18:30:00+00:00
2024-07-22,79.03,79.13,77.55,78.24,209161,2024-08-20 18:30:00+00:00
2024-07-23,78.24,78.73,76.4,77.35,259400,2024-08-20 18:30:00+00:00
2024-07-24,77.36,78.19,76.98,77.48,216543,2024-08-20 18:30:00+00:00
2024-07-25,77.49,78.47,76.04,78.27,275055,2024-08-20 18:30:00+00:00
2024-07-26,78.27,78.6,76.19,76.44,251834,2024-08-20 18:30:00+00:00
2024-07-28,77.3,77.51,77.17,77.26,4988,2024-08-20 18:30:00+00:00
2024-07-29,77.26,77.69,75.35,75.65,235625,2024-08-20 18:30:00+00:00
2024-07-30,75.66,75.97,74.59,75.3,251258,2024-08-20 18:30:00+00:00
2024-07-31,75.3,78.7,75.18,78.54,302253,2024-08-20 18:30:00+00:00
2024-08-01,78.54,78.88,76.24,76.81,257212,2024-08-20 18:30:00+00:00
2024-08-02,76.81,77.29,72.97,74.14,324692,2024-08-20 18:30:00+00:00
2024-08-04,74.21,74.46,73.67,73.98,9201,2024-08-20 18:30:00+00:00
2024-08-05,73.98,74.32,71.67,74.19,333569,2024-08-20 18:30:00+00:00
2024-08-06,74.19,74.56,72.2,72.86,235969,2024-08-20 18:30:00+00:00
2024-08-07,72.86,75.84,72.58,75.48,255884,2024-08-20 18:30:00+00:00
2024-08-08,75.48,76.52,74.6,76.09,193021,2024-08-20 18:30:00+00:00
2024-08-09,74.96,75.79,74.7,75.7,42720,2024-09-20 18:30:00+00:00
2024-08-11,75.62,75.78,75.44,75.51,1035,2024-09-20 18:30:00+00:00
2024-08-12,75.5,78.54,75.45,77.95,73966,2024-09-20 18:30:00+00:00
2024-08-13,77.95,78.43,76.65,77.19,79775,2024-09-20 18:30:00+00:00
2024-08-14,77.19,77.52,75.66,76.02,93941,2024-09-20 18:30:00+00:00
2024-08-15,76.03,77.38,75.7,76.76,101958,2024-09-20 18:30:00+00:00
2024-08-16,76.77,76.91,74.52,75.49,185555,2024-09-20 18:30:00+00:00
2024-08-18,75.47,75.64,75.1,75.24,3013,2024-09-20 18:30:00+00:00
2024-08-19,75.25,75.73,73.45,73.69,220569,2024-09-20 18:30:00+00:00
2024-08-20,73.7,74.38,72.54,73.1,218557,2024-09-20 18:30:00+00:00
2024-08-21,73.11,74.16,71.46,71.8,244010,2024-09-20 18:30:00+00:00
2024-08-22,71.81,73.52,71.58,73.11,216501,2024-09-20 18:30:00+00:00
2024-08-23,73.11,75.07,72.83,74.96,196301,2024-09-20 18:30:00+00:00
2024-08-25,75.1,75.47,75.04,75.42,7722,2024-09-20 18:30:00+00:00
2024-08-26,75.43,77.6,75.29,77.19,241032,2024-09-20 18:30:00+00:00
2024-08-27,77.19,77.48,75.4,75.81,224593,2024-09-20 18:30:00+00:00
2024-08-28,75.82,75.95,73.82,74.49,248159,2024-09-20 18:30:00+00:00
2024-08-29,74.49,76.91,74.05,75.69,272378,2024-09-20 18:30:00+00:00
2024-08-30,75.7,76.59,73.36,73.65,283143,2024-09-20 18:30:00+00:00
2024-09-01,73.53,73.65,72.95,72.98,3380,2024-09-20 18:30:00+00:00
2024-09-02,72.98,74.41,72.89,73.78,78042,2024-09-20 18:30:00+00:00
2024-09-03,73.78,74.29,70.1,70.24,329037,2024-09-20 18:30:00+00:00
2024-09-04,70.24,71.46,68.82,69.3,345342,2024-09-20 18:30:00+00:00
2024-09-05,69.3,70.82,68.75,69.34,268765,2024-09-20 18:30:00+00:00
2024-09-06,69.35,70.13,67.17,68.16,255772,2024-09-20 18:30:00+00:00
2024-09-08,68.13,68.36,68.02,68.32,3770,2024-09-20 18:30:00+00:00
2024-09-09,68.32,68.96,67.31,68.75,199925,2024-09-20 18:30:00+00:00
2024-09-10,68.76,69.08,65.27,66.26,305095,2024-09-20 18:30:00+00:00
2024-09-11,66.26,67.97,65.63,67.26,270300,2024-09-20 18:30:00+00:00
2024-09-12,66.57,68.93,66.55,68.47,74670,2024-10-22 18:30:00+00:00
2024-09-13,68.46,69.35,67.58,68.29,60823,2024-10-22 18:30:00+00:00
2024-09-15,68.22,68.43,67.9,67.91,992,2024-10-22 18:30:00+00:00
2024-09-16,67.89,69.61,67.7,69.27,73381,2024-10-22 18:30:00+00:00
2024-09-17,69.28,70.65,68.51,69.9,118570,2024-10-22 18:30:00+00:00
2024-09-18,69.9,70.31,68.58,69.38,221339,2024-10-22 18:30:00+00:00
2024-09-19,69.37,71.53,69.15,71.03,205923,2024-10-22 18:30:00+00:00
2024-09-20,71.04,71.45,70.37,71.25,172071,2024-10-22 18:30:00+00:00
2024-09-22,71.31,71.37,70.89,71.02,3159,2024-10-22 18:30:00+00:00
2024-09-23,71.03,71.81,69.49,70.62,225186,2024-10-22 18:30:00+00:00
2024-09-24,70.61,72.4,70.44,71.58,207701,2024-10-22 18:30:00+00:00
2024-09-25,71.58,71.72,69.23,69.58,305189,2024-10-22 18:30:00+00:00
2024-09-26,69.58,70.01,66.95,67.34,338345,2024-10-22 18:30:00+00:00
2024-09-27,67.35,68.65,67.06,68.64,245883,2024-10-22 18:30:00+00:00
2024-09-29,68.63,68.63,67.87,68.29,6305,2024-10-22 18:30:00+00:00
2024-09-30,68.29,69.32,67.57,68.31,236487,2024-10-22 18:30:00+00:00
2024-10-01,68.31,71.94,66.33,70.81,519569,2024-10-22 18:30:00+00:00
2024-10-02,70.81,72.49,69.87,70.88,310005,2024-10-22 18:30:00+00:00
2024-10-03,70.87,74.09,70.52,73.88,339777,2024-10-22 18:30:00+00:00
2024-10-04,73.87,75.57,73.46,74.45,292180,2024-10-22 18:30:00+00:00
2024-10-06,74.4,74.47,73.62,73.9,10363,2024-10-22 18:30:00+00:00
2024-10-07,73.9,78.46,73.75,77.23,278454,2024-10-22 18:30:00+00:00
2024-10-08,77.23,77.39,72.69,73.88,357146,2024-10-22 18:30:00+00:00
2024-10-09,73.32,73.82,71.0,72.68,69324,2024-11-20 19:30:00+00:00
2024-10-10,72.7,75.45,72.67,74.94,64877,2024-11-20 19:30:00+00:00
2024-10-11,74.92,75.28,73.85,74.71,53540,2024-11-20 19:30:00+00:00
2024-10-13,74.26,74.35,73.42,73.56,3075,2024-11-20 19:30:00+00:00
2024-10-14,73.55,74.15,70.84,71.11,56634,2024-11-20 19:30:00+00:00
2024-10-15,71.12,71.41,69.2,70.45,95548,2024-11-20 19:30:00+00:00
2024-10-16,70.44,70.69,69.12,70.14,73471,2024-11-20 19:30:00+00:00
2024-10-17,70.14,70.53,68.89,70.27,106907,2024-11-20 19:30:00+00:00
2024-10-18,70.27,70.67,68.17,68.84,221244,2024-11-20 19:30:00+00:00
2024-10-20,68.94,69.02,68.46,68.83,4783,2024-11-20 19:30:00+00:00
2024-10-21,68.82,70.39,68.54,70.01,180761,2024-11-20 19:30:00+00:00
2024-10-22,70.0,72.09,69.35,71.43,228363,2024-11-20 19:30:00+00:00
2024-10-23,71.44,71.72,70.13,71.2,191942,2024-11-20 19:30:00+00:00
2024-10-24,71.2,72.34,69.77,70.44,209970,2024-11-20 19:30:00+00:00
2024-10-25,70.44,71.92,69.96,71.69,192292,2024-11-20 19:30:00+00:00
2024-10-27,68.98,69.0,67.79,68.75,28652,2024-11-20 19:30:00+00:00
2024-10-28,68.76,68.88,66.92,67.95,269487,2024-11-20 19:30:00+00:00
2024-10-29,67.96,68.52,66.72,67.46,207535,2024-11-20 19:30:00+00:00
2024-10-30,67.44,69.17,67.28,68.94,213082,2024-11-20 19:30:00+00:00
2024-10-31,68.95,70.81,68.3,70.59,225390,2024-11-20 19:30:00+00:00
2024-11-01,70.6,71.45,69.32,69.33,225567,2024-11-20 19:30:00+00:00
2024-11-03,70.29,71.0,70.25,70.53,6975,2024-11-20 19:30:00+00:00
2024-11-04,70.53,71.81,70.36,71.46,192239,2024-11-20 19:30:00+00:00
2024-11-05,71.46,72.67,71.29,72.07,167714,2024-11-20 19:30:00+00:00
2024-11-06,72.07,72.63,69.74,71.73,278744,2024-11-20 19:30:00+00:00
2024-11-07,71.72,72.88,70.66,72.18,213103,2024-11-20 19:30:00+00:00
2024-11-08,72.18,72.25,69.99,70.43,192240,2024-11-20 19:30:00+00:00
2024-11-10,70.25,70.42,70.09,70.24,2398,2024-11-20 19:30:00+00:00
2024-11-11,69.98,70.3,67.79,68.07,48330,2024-12-19 19:30:00+00:00
2024-11-12,68.08,68.97,67.65,67.92,53741,2024-12-19 19:30:00+00:00
2024-11-13,67.9,68.69,66.8,67.87,64201,2024-12-19 19:30:00+00:00
2024-11-14,67.88,69.24,67.77,68.43,65965,2024-12-19 19:30:00+00:00
2024-11-15,68.42,68.51,66.71,66.88,100529,2024-12-19 19:30:00+00:00
2024-11-17,66.77,66.87,66.53,66.73,3365,2024-12-19 19:30:00+00:00
2024-11-18,66.74,69.37,66.65,68.94,180277,2024-12-19 19:30:00+00:00
2024-11-19,68.95,69.74,68.48,69.33,199352,2024-12-19 19:30:00+00:00
2024-11-20,69.32,69.96,68.64,69.04,155720,2024-12-19 19:30:00+00:00
2024-11-21,69.04,70.38,68.86,70.12,166842,2024-12-19 19:30:00+00:00
2024-11-22,70.12,71.51,69.29,71.18,215967,2024-12-19 19:30:00+00:00
2024-11-24,71.44,71.48,71.07,71.28,2115,2024-12-19 19:30:00+00:00
2024-11-25,71.29,71.43,68.63,68.64,245441,2024-12-19 19:30:00+00:00
2024-11-26,68.64,70.3,68.05,68.86,199583,2024-12-19 19:30:00+00:00
2024-11-27,68.87,69.37,68.18,68.78,144874,2024-12-19 19:30:00+00:00
2024-11-28,68.79,69.3,68.27,68.84,51807,2024-12-19 19:30:00+00:00
2024-11-29,68.85,69.69,67.87,68.15,152106,2024-12-19 19:30:00+00:00
2024-12-01,68.0,68.39,67.92,68.29,3965,2024-12-19 19:30:00+00:00
2024-12-02,68.3,69.11,67.71,68.12,166651,2024-12-19 19:30:00+00:00
2024-12-03,68.11,70.23,67.91,70.03,194576,2024-12-19 19:30:00+00:00
2024-12-04,70.04,70.51,68.49,68.76,186312,2024-12-19 19:30:00+00:00
2024-12-05,68.76,69.16,67.98,68.44,172759,2024-12-19 19:30:00+00:00
2024-12-06,68.45,68.49,66.98,67.17,165150,2024-12-19 19:30:00+00:00
2024-12-08,67.15,67.34,67.08,67.33,2396,2024-12-19 19:30:00+00:00
2024-12-09,67.33,68.88,67.15,68.15,150568,2024-12-19 19:30:00+00:00
2024-12-10,68.16,69.06,67.72,68.5,157059,2024-12-19 19:30:00+00:00
2024-12-11,68.49,70.53,68.49,70.36,181606,2024-12-19 19:30:00+00:00
2024-12-12,69.9,70.27,68.74,69.57,59598,2025-01-21 19:30:00+00:00
2024-12-13,69.58,70.94,69.52,70.65,63055,2025-01-21 19:30:00+00:00
2024-12-15,71.0,71.0,70.58,70.68,1094,2025-01-21 19:30:00+00:00
2024-12-16,70.68,70.74,69.98,70.21,73209,2025-01-21 19:30:00+00:00
2024-12-17,70.21,70.54,68.81,69.75,153809,2025-01-21 19:30:00+00:00
2024-12-18,69.76,70.8,69.39,69.43,163906,2025-01-21 19:30:00+00:00
2024-12-19,69.44,70.58,69.1,69.2,166825,2025-01-21 19:30:00+00:00
2024-12-20,69.2,69.85,68.42,69.58,144452,2025-01-21 19:30:00+00:00
2024-12-22,69.4,69.65,69.39,69.59,1510,2025-01-21 19:30:00+00:00
2024-12-23,69.6,69.94,68.59,69.47,122778,2025-01-21 19:30:00+00:00
2024-12-24,69.47,70.43,69.36,70.17,86163,2025-01-21 19:30:00+00:00
2024-12-25,70.2,70.37,70.18,70.23,726,2025-01-21 19:30:00+00:00
2024-12-26,70.24,70.75,69.33,69.67,91688,2025-01-21 19:30:00+00:00
2024-12-27,69.68,70.75,69.44,70.26,115535,2025-01-21 19:30:00+00:00
2024-12-29,70.42,70.51,70.12,70.44,2728,2025-01-21 19:30:00+00:00
2024-12-30,70.45,71.56,70.2,71.21,126331,2025-01-21 19:30:00+00:00
2024-12-31,71.21,72.02,70.87,71.87,99931,2025-01-21 19:30:00+00:00
2025-01-01,71.85,72.07,71.8,72.06,1311,2025-01-21 19:30:00+00:00
2025-01-02,72.06,73.73,71.79,73.13,177737,2025-01-21 19:30:00+00:00
2025-01-03,73.12,74.35,72.7,74.07,154807,2025-01-21 19:30:00+00:00
2025-01-05,74.05,74.28,73.96,74.18,2613,2025-01-21 19:30:00+00:00
2025-01-06,74.18,74.99,73.2,73.33,180657,2025-01-21 19:30:00+00:00
2025-01-07,73.33,74.78,73.11,74.69,150687,2025-01-21 19:30:00+00:00
2025-01-08,73.93,74.44,72.51,72.6,63526,2025-02-20 19:30:00+00:00
2025-01-09,72.59,73.61,72.2,73.55,43138,2025-02-20 19:30:00+00:00
2025-01-10,73.54,76.89,73.33,75.7,109761,2025-02-20 19:30:00+00:00
2025-01-12,75.68,77.37,75.67,77.07,4636,2025-02-20 19:30:00+00:00
2025-01-13,77.06,77.64,76.28,77.3,106354,2025-02-20 19:30:00+00:00
2025-01-14,77.3,77.51,76.2,76.78,106813,2025-02-20 19:30:00+00:00
2025-01-15,76.79,79.39,76.16,79.06,142242,2025-02-20 19:30:00+00:00
2025-01-16,79.06,79.21,76.93,77.98,246742,2025-02-20 19:30:00+00:00
2025-01-17,77.98,78.55,77.14,77.37,175243,2025-02-20 19:30:00+00:00
2025-01-19,77.57,77.75,77.28,77.67,2227,2025-02-20 19:30:00+00:00
2025-01-20,77.66,77.86,75.82,76.39,123484,2025-02-20 19:30:00+00:00
2025-01-21,76.38,77.18,75.05,75.73,212926,2025-02-20 19:30:00+00:00
2025-01-22,75.74,76.45,75.19,75.22,182326,2025-02-20 19:30:00+00:00
2025-01-23,75.23,76.0,74.14,74.26,217564,2025-02-20 19:30:00+00:00
2025-01-24,74.25,75.21,74.01,74.6,181452,2025-02-20 19:30:00+00:00
2025-01-26,74.54,74.6,74.1,74.16,2979,2025-02-20 19:30:00+00:00
2025-01-27,74.16,75.15,72.38,73.11,218727,2025-02-20 19:30:00+00:00
2025-01-28,73.11,74.31,72.93,73.85,195271,2025-02-20 19:30:00+00:00
2025-01-29,73.85,74.08,72.33,72.91,188431,2025-02-20 19:30:00+00:00
2025-01-30,72.92,73.84,72.02,73.15,193662,2025-02-20 19:30:00+00:00
2025-01-31,73.15,73.84,71.94,73.81,238862,2025-02-20 19:30:00+00:00
2025-02-02,74.14,75.18,73.82,74.0,16027,2025-02-20 19:30:00+00:00
2025-02-03,74.02,74.78,72.05,72.43,292782,2025-02-20 19:30:00+00:00
2025-02-04,72.44,73.35,70.67,72.59,293535,2025-02-20 19:30:00+00:00
2025-02-05,72.6,72.97,70.96,71.23,181802,2025-02-20 19:30:00+00:00
2025-02-06,71.24,71.85,70.43,70.54,189551,2025-02-20 19:30:00+00:00
2025-02-07,70.53,71.41,70.51,71.06,139449,2025-02-20 19:30:00+00:00
2025-02-09,71.0,71.18,70.84,71.15,2399,2025-02-20 19:30:00+00:00
2025-02-10,71.15,72.54,71.15,72.42,139534,2025-02-20 19:30:00+00:00
2025-02-11,72.42,73.68,72.31,73.14,141675,2025-02-20 19:30:00+00:00
2025-02-12,72.93,73.0,71.03,71.08,72598,2025-03-20 18:30:00+00:00
2025-02-13,71.07,71.46,70.16,71.29,70776,2025-03-20 18:30:00+00:00
2025-02-14,71.29,71.88,70.5,70.56,70778,2025-03-20 18:30:00+00:00
2025-02-16,70.69,70.72,70.12,70.29,2346,2025-03-20 18:30:00+00:00
2025-02-17,70.31,71.5,70.27,71.24,54256,2025-03-20 18:30:00+00:00
2025-02-18,71.23,72.04,70.9,71.72,140667,2025-03-20 18:30:00+00:00
2025-02-19,71.73,72.91,71.69,72.11,143482,2025-03-20 18:30:00+00:00
2025-02-20,72.11,73.14,71.73,72.69,140551,2025-03-20 18:30:00+00:00
2025-02-21,72.69,72.76,70.17,70.25,186285,2025-03-20 18:30:00+00:00
2025-02-23,69.8,70.47,69.8,70.38,4835,2025-03-20 18:30:00+00:00
2025-02-24,70.38,70.99,70.01,70.84,129958,2025-03-20 18:30:00+00:00
2025-02-25,70.85,71.26,68.68,69.09,176641,2025-03-20 18:30:00+00:00
2025-02-26,69.09,69.28,68.36,68.8,160363,2025-03-20 18:30:00+00:00
2025-02-27,68.8,70.54,68.61,70.17,165908,2025-03-20 18:30:00+00:00
2025-02-28,70.17,70.29,69.14,69.95,156749,2025-03-20 18:30:00+00:00
2025-03-02,69.95,70.24,69.86,70.19,2121,2025-03-20 18:30:00+00:00
2025-03-03,70.17,70.6,67.89,68.29,215909,2025-03-20 18:30:00+00:00
2025-03-04,68.3,68.56,66.77,67.89,211347,2025-03-20 18:30:00+00:00
2025-03-05,67.89,68.1,65.22,66.47,239644,2025-03-20 18:30:00+00:00
2025-03-06,66.46,67.09,65.59,66.33,193875,2025-03-20 18:30:00+00:00
2025-03-07,66.32,68.22,66.12,67.05,205151,2025-03-20 18:30:00+00:00
2025-03-09,67.11,67.34,66.5,66.54,3834,2025-03-20 18:30:00+00:00
2025-03-10,66.27,67.24,65.33,65.43,54276,2025-04-22 18:30:00+00:00
2025-03-11,65.44,66.79,65.0,66.31,47205,2025-04-22 18:30:00+00:00
2025-03-12,66.33,67.53,65.83,67.38,57302,2025-04-22 18:30:00+00:00
2025-03-13,67.37,67.65,66.08,66.53,69026,2025-04-22 18:30:00+00:00
2025-03-14,66.52,67.19,66.33,66.93,52276,2025-04-22 18:30:00+00:00
2025-03-16,67.1,67.54,67.05,67.41,3197,2025-04-22 18:30:00+00:00
2025-03-17,67.4,68.1,67.01,67.18,90234,2025-04-22 18:30:00+00:00
2025-03-18,67.2,68.5,66.44,66.68,180208,2025-04-22 18:30:00+00:00
2025-03-19,66.67,67.43,66.09,67.1,152570,2025-04-22 18:30:00+00:00
2025-03-20,67.09,68.65,66.63,68.55,167398,2025-04-22 18:30:00+00:00
2025-03-21,68.55,68.61,67.65,68.29,114107,2025-04-22 18:30:00+00:00
2025-03-23,68.35,68.44,68.16,68.41,2156,2025-04-22 18:30:00+00:00
2025-03-24,68.43,69.33,67.95,69.16,143720,2025-04-22 18:30:00+00:00
2025-03-25,69.16,69.68,68.52,69.29,147019,2025-04-22 18:30:00+00:00
2025-03-26,69.29,70.22,69.06,69.73,152586,2025-04-22 18:30:00+00:00
2025-03-27,69.72,69.97,69.12,69.88,122566,2025-04-22 18:30:00+00:00
2025-03-28,69.88,70.09,68.87,69.04,148392,2025-04-22 18:30:00+00:00
2025-03-30,69.43,69.72,69.22,69.48,5465,2025-04-22 18:30:00+00:00
2025-03-31,69.48,71.83,68.81,71.38,198064,2025-04-22 18:30:00+00:00
2025-04-01,71.39,72.1,71.03,71.26,152128,2025-04-22 18:30:00+00:00
2025-04-02,71.26,72.28,69.27,69.37,179120,2025-04-22 18:30:00+00:00
2025-04-03,69.36,70.15,65.98,66.75,289830,2025-04-22 18:30:00+00:00
2025-04-04,66.76,66.9,60.45,62.32,393932,2025-04-22 18:30:00+00:00
2025-04-06,61.12,61.18,59.55,59.83,17906,2025-04-22 18:30:00+00:00
2025-04-07,59.82,63.9,58.95,61.25,397580,2025-04-22 18:30:00+00:00
2025-04-08,61.24,61.75,57.22,57.6,306831,2025-04-22 18:30:00+00:00
2025-04-09,57.19,62.71,54.67,62.35,193313,2025-05-20 18:30:00+00:00
2025-04-10,62.35,62.48,58.29,59.36,108309,2025-05-20 18:30:00+00:00
2025-04-11,59.37,61.2,59.0,60.9,83857,2025-05-20 18:30:00+00:00
2025-04-13,61.15,61.57,60.55,60.77,2209,2025-05-20 18:30:00+00:00
2025-04-14,60.75,62.07,60.12,61.11,65411,2025-05-20 18:30:00+00:00
2025-04-15,61.13,61.57,60.38,60.89,64679,2025-05-20 18:30:00+00:00
2025-04-16,60.87,62.41,59.87,62.29,117384,2025-05-20 18:30:00+00:00
2025-04-17,62.27,64.18,61.98,63.75,153177,2025-05-20 18:30:00+00:00
2025-04-20,63.65,63.78,62.99,63.14,5424,2025-05-20 18:30:00+00:00
2025-04-21,63.14,63.42,61.76,62.99,128885,2025-05-20 18:30:00+00:00
2025-04-22,62.99,64.48,62.74,64.24,160228,2025-05-20 18:30:00+00:00
2025-04-23,64.26,64.87,61.53,62.3,237950,2025-05-20 18:30:00+00:00
2025-04-24,62.29,63.31,61.99,62.82,142664,2025-05-20 18:30:00+00:00
2025-04-25,62.84,63.41,61.8,63.17,140808,2025-05-20 18:30:00+00:00
2025-04-27,63.49,63.92,63.05,63.11,6914,2025-05-20 18:30:00+00:00
2025-04-28,63.11,63.53,61.48,62.01,142183,2025-05-20 18:30:00+00:00
2025-04-29,62.01,62.07,60.12,60.28,164760,2025-05-20 18:30:00+00:00
2025-04-30,60.28,60.43,57.91,58.36,271272,2025-05-20 18:30:00+00:00
2025-05-01,58.37,59.5,56.39,58.92,244360,2025-05-20 18:30:00+00:00
2025-05-02,58.92,59.87,57.74,58.38,195372,2025-05-20 18:30:00+00:00
2025-05-04,56.76,56.78,55.3,55.93,24627,2025-05-20 18:30:00+00:00
2025-05-05,55.92,57.7,55.8,57.15,158207,2025-05-20 18:30:00+00:00
2025-05-06,57.14,59.84,57.03,59.57,203685,2025-05-20 18:30:00+00:00
2025-05-07,59.56,60.26,57.74,58.07,158668,2025-05-20 18:30:00+00:00
2025-05-08,58.09,60.29,57.99,60.13,157041,2025-05-20 18:30:00+00:00
2025-05-09,59.71,60.98,59.49,60.58,42196,2025-06-20 18:30:00+00:00
2025-05-11,60.97,61.04,60.7,60.89,1784,2025-06-20 18:30:00+00:00
2025-05-12,60.9,63.13,60.56,61.53,71592,2025-06-20 18:30:00+00:00
2025-05-13,61.54,63.44,61.23,63.21,53232,2025-06-20 18:30:00+00:00
2025-05-14,63.21,63.23,61.44,61.76,75864,2025-06-20 18:30:00+00:00
2025-05-15,61.76,61.93,60.08,61.34,110211,2025-06-20 18:30:00+00:00
2025-05-16,61.34,62.18,60.78,61.93,122172,2025-06-20 18:30:00+00:00
2025-05-18,61.98,62.44,61.22,62.07,5757,2025-06-20 18:30:00+00:00
2025-05-19,62.08,62.7,60.99,62.21,153181,2025-06-20 18:30:00+00:00
2025-05-20,62.22,64.19,61.48,63.01,158806,2025-06-20 18:30:00+00:00
2025-05-21,63.0,63.29,61.19,61.34,160412,2025-06-20 18:30:00+00:00
2025-05-22,61.35,61.75,60.25,60.79,154204,2025-06-20 18:30:00+00:00
2025-05-23,60.78,61.88,60.02,61.76,162145,2025-06-20 18:30:00+00:00
2025-05-25,61.7,62.14,61.58,61.92,3747,2025-06-20 18:30:00+00:00
2025-05-26,61.92,62.03,61.24,61.48,35268,2025-06-20 18:30:00+00:00
2025-05-27,61.48,61.89,60.26,61.22,145343,2025-06-20 18:30:00+00:00
2025-05-28,61.22,62.54,60.85,62.25,160876,2025-06-20 18:30:00+00:00
2025-05-29,62.24,63.07,60.55,60.84,167077,2025-06-20 18:30:00+00:00
2025-05-30,60.85,61.72,59.74,60.79,199402,2025-06-20 18:30:00+00:00
2025-06-01,61.11,62.31,61.06,62.02,11288,2025-06-20 18:30:00+00:00
2025-06-02,62.03,63.88,61.96,63.09,227681,2025-06-20 18:30:00+00:00
2025-06-03,63.09,63.89,62.4,63.3,160542,2025-06-20 18:30:00+00:00
2025-06-04,63.3,63.96,62.17,62.64,187873,2025-06-20 18:30:00+00:00
2025-06-05,62.63,63.98,62.5,63.22,130485,2025-06-20 18:30:00+00:00
2025-06-06,63.23,64.8,62.82,64.77,164586,2025-06-20 18:30:00+00:00
2025-06-08,64.8,64.86,64.54,64.62,3218,2025-06-20 18:30:00+00:00
2025-06-09,63.67,64.34,63.27,64.29,33281,2025-07-22 18:30:00+00:00
2025-06-10,64.3,65.1,63.51,63.7,54113,2025-07-22 18:30:00+00:00
2025-06-11,63.71,67.93,63.54,67.27,78006,2025-07-22 18:30:00+00:00
2025-06-12,67.27,68.04,65.51,67.9,89085,2025-07-22 18:30:00+00:00
2025-06-13,67.92,74.63,67.6,71.53,261096,2025-07-22 18:30:00+00:00
2025-06-15,75.5,75.5,72.64,72.71,16548,2025-07-22 18:30:00+00:00
2025-06-16,72.73,72.74,67.84,71.77,235600,2025-07-22 18:30:00+00:00
2025-06-17,71.73,74.04,69.69,73.63,318904,2025-07-22 18:30:00+00:00
2025-06-18,73.63,74.27,71.33,73.35,350233,2025-07-22 18:30:00+00:00
2025-06-19,73.37,75.74,72.57,73.84,191696,2025-07-22 18:30:00+00:00
2025-06-20,73.82,74.29,72.32,74.04,253774,2025-07-22 18:30:00+00:00
2025-06-22,78.0,78.4,75.22,75.77,42696,2025-07-22 18:30:00+00:00
2025-06-23,75.76,76.16,64.38,65.82,489383,2025-07-22 18:30:00+00:00
2025-06-24,65.83,67.19,64.0,65.13,353213,2025-07-22 18:30:00+00:00
2025-06-25,65.13,66.03,64.51,65.05,177113,2025-07-22 18:30:00+00:00
2025-06-26,65.06,66.42,64.66,65.4,152716,2025-07-22 18:30:00+00:00
2025-06-27,65.4,66.09,64.8,65.07,128945,2025-07-22 18:30:00+00:00
2025-06-29,65.15,65.21,64.73,64.82,3663,2025-07-22 18:30:00+00:00
2025-06-30,64.82,65.82,64.5,64.92,108673,2025-07-22 18:30:00+00:00
2025-07-01,64.92,65.98,64.67,65.41,112013,2025-07-22 18:30:00+00:00
2025-07-02,65.41,67.58,65.23,67.22,161372,2025-07-22 18:30:00+00:00
2025-07-03,67.23,67.58,66.53,67.14,124120,2025-07-22 18:30:00+00:00
2025-07-04,67.13,67.17,66.04,66.5,44909,2025-07-22 18:30:00+00:00
2025-07-06,64.38,64.8,64.1,64.56,1945,2025-08-20 18:30:00+00:00
2025-07-07,64.55,66.84,64.19,66.34,34232,2025-08-20 18:30:00+00:00
2025-07-08,66.34,67.51,65.96,66.73,31177,2025-08-20 18:30:00+00:00
2025-07-09,66.74,67.55,66.37,66.84,31977,2025-08-20 18:30:00+00:00
2025-07-10,66.83,67.31,65.26,65.56,37545,2025-08-20 18:30:00+00:00
2025-07-11,65.56,67.37,65.3,67.35,40083,2025-08-20 18:30:00+00:00
2025-07-13,67.35,67.52,67.05,67.17,961,2025-08-20 18:30:00+00:00
2025-07-14,67.18,68.16,65.64,65.78,65909,2025-08-20 18:30:00+00:00
2025-07-15,65.77,66.06,65.18,65.66,59024,2025-08-20 18:30:00+00:00
2025-07-16,65.67,65.79,64.38,65.43,70281,2025-08-20 18:30:00+00:00
2025-07-17,65.43,66.36,65.02,66.23,76961,2025-08-20 18:30:00+00:00
2025-07-18,66.22,67.54,65.93,66.03,139769,2025-08-20 18:30:00+00:00
2025-07-20,66.04,66.29,65.98,66.16,2380,2025-08-20 18:30:00+00:00
2025-07-21,66.16,66.44,65.21,65.83,109216,2025-08-20 18:30:00+00:00
2025-07-22,65.82,65.84,64.82,65.64,137530,2025-08-20 18:30:00+00:00
2025-07-23,65.63,65.78,64.71,65.45,123152,2025-08-20 18:30:00+00:00
2025-07-24,65.46,66.39,65.33,66.23,149853,2025-08-20 18:30:00+00:00
2025-07-25,66.22,66.74,65.0,65.07,121872,2025-08-20 18:30:00+00:00
2025-07-27,65.15,65.35,65.05,65.29,1998,2025-08-20 18:30:00+00:00
2025-07-28,65.3,67.14,65.26,66.97,156875,2025-08-20 18:30:00+00:00
2025-07-29,66.97,69.76,66.53,69.18,180702,2025-08-20 18:30:00+00:00
2025-07-30,69.17,70.51,68.45,70.39,189599,2025-08-20 18:30:00+00:00
2025-07-31,70.38,70.41,68.56,69.37,140216,2025-08-20 18:30:00+00:00
2025-08-01,69.38,69.58,67.05,67.26,186418,2025-08-20 18:30:00+00:00
2025-08-03,66.85,67.11,66.56,66.97,3761,2025-08-20 18:30:00+00:00
2025-08-04,66.97,67.74,65.46,66.3,159808,2025-08-20 18:30:00+00:00
2025-08-05,66.31,66.39,65.03,65.27,149551,2025-08-20 18:30:00+00:00
2025-08-06,65.27,66.75,63.64,64.38,225606,2025-08-20 18:30:00+00:00
2025-08-07,64.39,65.11,63.7,63.83,156459,2025-08-20 18:30:00+00:00
2025-08-08,63.83,64.58,62.77,63.35,178118,2025-08-20 18:30:00+00:00
2025-08-10,63.48,63.7,63.15,63.44,2417,2025-08-20 18:30:00+00:00
2025-08-11,62.54,63.54,62.21,63.25,30850,2025-09-22 18:30:00+00:00
2025-08-12,63.26,63.48,62.15,62.47,40545,2025-09-22 18:30:00+00:00
2025-08-13,62.45,62.59,61.29,62.06,50424,2025-09-22 18:30:00+00:00
2025-08-14,62.07,63.17,61.85,63.04,50133,2025-09-22 18:30:00+00:00
2025-08-15,63.05,63.27,61.87,62.29,63170,2025-09-22 18:30:00+00:00
2025-08-17,62.19,62.19,61.65,61.74,3117,2025-09-22 18:30:00+00:00
2025-08-18,61.75,63.01,61.45,62.63,135507,2025-09-22 18:30:00+00:00
2025-08-19,62.64,62.65,61.65,62.12,135044,2025-09-22 18:30:00+00:00
2025-08-20,62.11,63.01,61.83,62.88,149148,2025-09-22 18:30:00+00:00
2025-08-21,62.87,63.67,62.52,63.48,135138,2025-09-22 18:30:00+00:00
2025-08-22,63.48,63.93,63.31,63.77,132936,2025-09-22 18:30:00+00:00
2025-08-24,63.88,63.89,63.72,63.74,969,2025-09-22 18:30:00+00:00
2025-08-25,63.75,65.1,63.53,64.71,113654,2025-09-22 18:30:00+00:00
2025-08-26,64.71,64.72,63.13,63.42,125562,2025-09-22 18:30:00+00:00
2025-08-27,63.44,64.23,62.95,63.8,113753,2025-09-22 18:30:00+00:00
2025-08-28,63.82,64.7,63.35,64.2,116433,2025-09-22 18:30:00+00:00
2025-08-29,64.21,64.55,63.88,64.01,106561,2025-09-22 18:30:00+00:00
2025-08-31,63.95,64.04,63.9,63.96,801,2025-09-22 18:30:00+00:00
2025-09-01,63.95,64.88,63.66,64.64,45764,2025-09-22 18:30:00+00:00
2025-09-02,64.64,66.03,64.5,65.58,165349,2025-09-22 18:30:00+00:00
2025-09-03,65.59,65.72,63.72,63.78,177176,2025-09-22 18:30:00+00:00
2025-09-04,63.79,63.79,62.72,63.3,144235,2025-09-22 18:30:00+00:00
2025-09-05,62.5,62.7,60.79,61.27,19502,2025-11-20 19:30:00+00:00
2025-09-07,61.32,61.65,61.2,61.54,687,2025-11-20 19:30:00+00:00
2025-09-08,61.54,62.59,61.32,61.8,19103,2025-11-20 19:30:00+00:00
2025-09-09,61.8,62.98,61.73,62.44,17108,2025-11-20 19:30:00+00:00
2025-09-10,62.43,63.39,62.34,63.19,15650,2025-11-20 19:30:00+00:00
2025-09-11,63.2,63.22,61.67,61.69,13991,2025-11-20 19:30:00+00:00
2025-09-12,61.68,63.4,61.2,62.11,23882,2025-11-20 19:30:00+00:00
2025-09-14,62.42,62.49,62.04,62.18,434,2025-11-20 19:30:00+00:00
2025-09-15,62.18,63.11,62.17,62.78,10734,2025-11-20 19:30:00+00:00
2025-09-16,62.78,64.03,62.37,63.93,23115,2025-11-20 19:30:00+00:00
2025-09-17,64.27,64.29,63.35,63.77,73490,2025-10-21 18:30:00+00:00
2025-09-18,63.77,64.2,63.03,63.22,136907,2025-10-21 18:30:00+00:00
2025-09-19,63.22,63.35,62.2,62.36,142613,2025-10-21 18:30:00+00:00
2025-09-21,62.3,62.54,62.3,62.54,1451,2025-10-21 18:30:00+00:00
2025-09-22,62.53,63.0,61.61,62.35,140697,2025-10-21 18:30:00+00:00
2025-09-23,62.34,63.89,61.85,63.72,173840,2025-10-21 18:30:00+00:00
2025-09-24,63.73,65.05,63.25,64.73,157482,2025-10-21 18:30:00+00:00
2025-09-25,64.72,65.36,64.06,65.26,150623,2025-10-21 18:30:00+00:00
2025-09-26,65.27,66.42,64.66,65.19,175837,2025-10-21 18:30:00+00:00
2025-09-28,64.56,64.66,64.35,64.61,927,2025-11-20 19:30:00+00:00
2025-09-29,64.6,64.86,62.59,62.65,38429,2025-11-20 19:30:00+00:00
2025-09-30,62.67,62.8,61.63,62.09,42359,2025-11-20 19:30:00+00:00
2025-10-01,62.08,62.47,61.03,61.48,39123,2025-11-20 19:30:00+00:00
2025-10-02,61.46,62.13,60.06,60.38,49131,2025-11-20 19:30:00+00:00
2025-10-03,60.39,61.02,60.22,60.36,34030,2025-11-20 19:30:00+00:00
2025-10-05,60.7,61.48,60.7,61.23,2146,2025-11-20 19:30:00+00:00
2025-10-06,61.23,61.69,60.68,61.35,34796,2025-11-20 19:30:00+00:00
2025-10-07,61.36,61.75,60.4,61.68,38653,2025-11-20 19:30:00+00:00
2025-10-08,61.68,62.34,61.4,61.54,41650,2025-11-20 19:30:00+00:00
2025-10-09,61.55,62.31,60.75,61.09,47152,2025-11-20 19:30:00+00:00
2025-10-10,61.1,61.18,57.8,57.84,92658,2025-11-20 19:30:00+00:00
2025-10-12,58.65,59.38,58.41,59.14,9165,2025-11-20 19:30:00+00:00
2025-10-13,59.14,59.69,58.8,59.22,77211,2025-11-20 19:30:00+00:00
2025-10-14,59.23,59.39,57.29,58.25,86925,2025-11-20 19:30:00+00:00
2025-10-15,58.26,58.93,57.78,58.23,74586,2025-11-20 19:30:00+00:00
2025-10-16,58.23,58.63,56.78,56.93,126650,2025-11-20 19:30:00+00:00
2025-10-17,56.94,57.32,56.15,57.25,178846,2025-11-20 19:30:00+00:00
2025-10-19,57.32,57.43,56.94,56.95,3658,2025-11-20 19:30:00+00:00
2025-10-20,56.95,57.09,55.96,56.97,154897,2025-11-20 19:30:00+00:00
2025-10-21,56.97,58.08,56.35,57.53,195842,2025-11-20 19:30:00+00:00
2025-10-22,57.54,60.16,57.34,60.07,233137,2025-11-20 19:30:00+00:00
2025-10-23,60.08,62.2,59.72,61.67,369702,2025-11-20 19:30:00+00:00
2025-10-24,61.67,62.59,61.21,61.44,196431,2025-11-20 19:30:00+00:00
2025-10-26,61.82,62.17,61.77,61.92,4998,2025-11-20 19:30:00+00:00
2025-10-27,61.92,62.03,60.67,61.29,163699,2025-11-20 19:30:00+00:00
2025-10-28,61.3,61.39,59.76,60.23,175831,2025-11-20 19:30:00+00:00
2025-10-29,60.23,61.02,59.7,60.23,166359,2025-11-20 19:30:00+00:00
2025-10-30,60.24,60.79,59.64,60.28,146486,2025-11-20 19:30:00+00:00
2025-10-31,60.29,61.38,59.99,60.88,170389,2025-11-20 19:30:00+00:00
2025-11-02,61.4,61.48,61.13,61.4,5698,2025-11-20 19:30:00+00:00
2025-11-03,61.4,61.5,60.51,61.02,138971,2025-11-20 19:30:00+00:00
2025-11-04,61.02,61.02,59.94,60.28,130469,2025-11-20 19:30:00+00:00
2025-11-05,60.28,61.09,59.52,59.6,174888,2025-11-20 19:30:00+00:00
2025-11-06,59.58,60.51,58.83,59.66,175381,2025-11-20 19:30:00+00:00
2025-11-07,59.66,60.46,59.32,59.84,149181,2025-11-20 19:30:00+00:00
2025-11-09,59.87,59.97,59.74,59.9,1539,2025-11-20 19:30:00+00:00
2025-11-10,59.71,60.31,59.3,59.88,37315,2025-12-19 19:30:00+00:00
2025-11-11,59.89,61.18,59.59,60.97,45224,2025-12-19 19:30:00+00:00
2025-11-12,60.96,60.98,58.19,58.2,76464,2025-12-19 19:30:00+00:00
2025-11-13,58.22,59.15,58.11,58.93,66502,2025-12-19 19:30:00+00:00
2025-11-14,58.91,60.47,58.9,59.81,108427,2025-12-19 19:30:00+00:00
2025-11-16,59.67,59.69,59.34,59.43,2270,2025-12-19 19:30:00+00:00
2025-11-17,59.43,60.3,59.21,59.72,80854,2025-12-19 19:30:00+00:00
2025-11-18,59.73,60.85,59.26,60.63,166018,2025-12-19 19:30:00+00:00
2025-11-19,60.63,60.63,58.66,59.52,200209,2025-12-19 19:30:00+00:00
2025-11-20,59.51,60.1,58.47,58.47,204903,2025-12-19 19:30:00+00:00
2025-11-21,58.49,58.64,57.38,57.98,216652,2025-12-19 19:30:00+00:00
2025-11-23,58.05,58.11,57.64,57.76,3767,2025-12-19 19:30:00+00:00
2025-11-24,57.76,59.06,57.42,58.88,139263,2025-12-19 19:30:00+00:00
2025-11-25,58.89,58.9,57.1,58.07,215140,2025-12-19 19:30:00+00:00
2025-11-26,58.08,58.72,57.66,58.47,139083,2025-12-19 19:30:00+00:00
2025-11-27,58.47,59.17,58.27,58.99,50924,2025-12-19 19:30:00+00:00
2025-11-28,58.99,59.64,58.27,58.48,56574,2025-12-19 19:30:00+00:00
